"organisatie"," straat"," huisnummer"," toevoeging"," postcode"," plaats"," land"," telefoon"," website"," email"
"Credion Zuid-Limburg", "Stationsstraat", "82", , "6181AK", "Elsloo", "Nederland", "0854891010", "http://credion.nl/zuidlimburg", "fgroot@credion.nl"
"Varink B.V.", "Zevenhuizerstraat", "162", , "3751LD", "Bunschoten-Spakenburg", "Nederland", "0615143025", "http://www.varink.nl", "duco@varink.nl"
"Blink Financieringen Alphen aan den Rijn", "Europalaan", "16", , "2408BG", "Alphen aan den Rijn", "Nederland", "0172255060", "https://blinkhypotheken.nl/", "kevin@blinkfinancieringen.nl"
"Credion Rivierenland", "Plantijnweg", "32", "a", "4104 BB", "Culemborg", "Nederland", "0651438512", "https://www.credion.nl/rivierenland", "rivierenland@credion.nl"
"Stapelfinancieringen Tilburg", "Burgemeester Brokxlaan", "12", , "5041SB", "TILBURG", "Nederland", "0646768301", "http://www.stapelfinancieringen.nl", "info@stapelfinancieringen.nl"
"Stapelfinancieringen Eindhoven", "Kastanjelaan", "400", "Microlab-Strijp S", "5616 LZ", "Eindhoven", "Nederland", "0646768301", "http://www.stapelfinancieringen.nl", "info@stapelfinancieringen.nl"
"NLInvesteert", "Stationsweg", "183", "B", "3771VG", "Barneveld", "Nederland", "085-4018705", "http://www.nlinvesteert.nl", "info@nlinvesteert.nl"
"NLInvesteert Midden", "Utrechtseweg", "154", , "3818ES", "Amersfoort", "Nederland", "06-51300876", "http://www.nlinvesteert.nl/regio/midden", "midden@nlinvesteert.nl"
"NLInvesteert Noord Nederland", "Wasplaat", "4", , "9404MR", "Assen", "Nederland", "06-38063968", "http://www.nlinvesteert.nl/regio/noord", "gvanyperen@nlinvesteert.nl"
"NLInvesteert Noord Holland Noord", "Middelhof", "2", , "1851BX", "Heiloo", "Nederland", "06-30515977", "http://www.nlinvesteert.nl/regio/noord-holland", "abakker@nlinvesteert.nl"
"NLInvesteert Zwolle", "Stationsweg", "2", , "8011CZ", "Zwolle", "Nederland", "0610952062", "http://www.nlinvesteert.nl/regio/zwolle", "sscholte@nlinvesteert.nl"
"NLInvesteert Amsterdam", "Startbaan", "6", "(D.2.4)", "1185XR", "Amstelveen", "Nederland", "06-40812967", "http://www.nlinvesteert.nl/regio/amsterdam", "amsterdam@nlinvesteert.nl"
"NLInvesteert Rotterdam Rijnmond", "Cypresbaan", "3", , "2908LT", "Capelle aan den IJssel", "Nederland", "06-49212209", "http://www.nlinvesteert.nl/regio/rotterdam-rijnmond", "alammers@nlinvesteert.nl"
"NLInvesteert Drechtsteden", "Bomkade", "16", , "3311JD", "Dordrecht", "Nederland", "06-28580204", "http://www.nlinvesteert.nl/regio/drechtsteden", "wvanderbas@nlinvesteert.nl"
"NLInvesteert Oost Brabant", "Velmolenweg", "159", , "5404LB", "Uden", "Nederland", "06-21857207", "http://www.nlinvesteert.nl/regio/oost-brabant", "jdekleijne@nlinvesteert.nl"
"NLInvesteert Limburg", "Frans Erenslaan", "12", , "6164JH", "Geleen", "Nederland", "06-10477597", "http://www.nlinvesteert.nl/regio/limburg", "hdirks@nlinvesteert.nl"
"NLInvesteert Groene Hart", "Markstraat", "8", "D", "3421AR", "Oudewater", "Nederland", "06-31930579", "http://www.nlinvesteert.nl", "lnoordman@nlinvesteert.nl"
"NLInvesteert Gelderland-Zuid en 's-Hertogenbosch/Eindhoven", "Oranjesingel", "76", , "6511NZ", "Nijmegen", "Nederland", "06-20793752", "http://www.nlinvesteert.nl/regio/zuid-gelderland", "kvandijk@nlinvesteert.nl"
"NLInvesteert Midden Gelderland", "Citer", "2", , "6904PW", "Zevenaar", "Nederland", "06-53332242", "http://www.nlinvesteert.nl/regio/midden-gelderland", "ptolboom@nlinvesteert.nl"
"NLInvesteert Veluwe", "Stationsweg", "183", "B", "3771VG", "Barneveld", "Nederland", "085-4018705", "http://www.nlinvesteert.nl", "info@nlinvesteert.nl"
"Credion Haarlemmermeer en Schiphol", "Tetra Schiphol Airport Siriusdreef", "17", "-27", "2132WT", "Hoofddorp", "Nederland", "0647940668", "https://www.credion.eu/nl/adviseurs/pim-van-der-horst", "Schiphol@credion.nl"
"Credion Rotterdam Rijnmond", "Duyvesteynstraat", "1", , "3042BA", "Rotterdam", "Nederland", "010-7410532", "http://www.credion.nl/rotterdamrijnmond", "rotterdam@credion.nl"
"Credion Deventer - Zutphen", "Hanzeweg", "20", , "7418 AT", "Deventer", "Nederland", "0610905516", "http://www.credion.nl/deventer-zutphen", "deventer@credion.nl"
"Credion Deventer - Zutphen", "Piet Heinstraat", "5", , "7204 JN", "Zutphen", "Nederland", "0610905516", "http://www.credion.nl/deventer-zutphen", "deventer@credion.nl"
"Credion Zeeland", "Stationsplein", "21", , "4461HP", "Goes", "Nederland", "06-50698637", "http://www.credion.nl/zeeland", "zeeland@credion.nl"
"Credion Drechtsteden", "Laan der Verenigde Naties", "60", , "3314DA", "Dordrecht", "Nederland", "06-22517524", "http://www.credion.nl/drechtsteden", "drechtsteden@credion.nl"
"PR1ORE, accountants & belastingadviseurs", "De Opslach", "65", , "8440 AN", "Heerenveen", "Nederland", "0513-657457", "http://www.priore.nl", "tomboersma@priore.nl"
"PR1ORE, accountants & belastingadviseurs", "Merk", "12", , "8711 CL", "Workum", "Nederland", "0515-542669", "http://www.priore.nl", "tomboersma@priore.nl"
"Credion Gouda - Woerden - Lopikerwaard", "Meridiaan", "45", , "2801DA", "Gouda", "Nederland", "0852732210", "https://www.credion.nl/goudawaddinxveen", "gouda@credion.nl"
"Credion Gouda - Woerden - Lopikerwaard", "Zaagmolenlaan", "4", , "3447 GS", "Woerden", "Nederland", "0852732210", "https://www.credion.nl/woerden", "woerden@credion.nl"
"Credion Gouda - Woerden - Lopikerwaard", "Populierenweg", "45", , "3421 TX", "Oudewater", "Nederland", "0852732210", "https://www.credion.nl/lopikerwaard", "lopikerwaard@credion.nl"
"Credion Zuidoost Brabant", "Luchthavenweg", "54", , "5657 EB", "Eindhoven", "Nederland", "085 - 902 02 18", "https://www.credion.eu/nl/zuidoost-brabant", "zuidoostbrabant@credion.nl"
"Credion Zuidoost Brabant", "p.a. Beukelaar", "32", , "5711 BL", "Someren", "Nederland", "085 - 902 02 18", "https://www.credion.eu/nl/zuidoost-brabant", "zuidoostbrabant@credion.nl"
"Credion Amsterdam MB Adviesgroep", "Joan Muyskenweg", "22", "-2. 10", "1096 CJ", "Amsterdam", "Nederland", "0299405756", "https://www.mbadviesgroep.nl/", "secretariaat@mbadviesgroep.nl"
"Credion Texel MB Adviesgroep", "Abbewaal", "1", , "1791 WX", "Den Burg", "Nederland", "0299405756", "https://www.mbadviesgroep.nl/", "secretariaat@mbadviesgroep.nl"
"Financieringsgilde Breda", "Druivenstraat", "47", , "4816KB", "Breda", "Nederland", "06-28733170", "http://www.financieringsgilde.nl/breda", "jgosenson@financieringsgilde.nl"
"Financieringsgilde Amsterdam", "Nida Senffstraat", "12", , "1095 MX", "Amsterdam", "Nederland", "0631960158", "https://www.financieringsgilde.nl/vestigingen/amsterdam/", "bvanoverloop@financieringsgilde.nl"
"Mol Stapelfinancieren", "Jacoba van Heinsbergstraat", "28", , "4854 EJ", "Bavel", "Nederland", "06-51749587", "http://www.molstapelfinancieren.nl", "johan@molstapelfinancieren.nl"
"Credion Noord Nederland", "Beursplein", "1", , "8911 BE", "Leeuwarden", "Nederland", "058-2027115", "http://www.credion.nl/friesland", "noordnederland@credion.nl"
"Credion Zuid-Hollandse Eilanden", "Maseratilaan", "10", , "3261 NA", "Oud-Beijerland", "Nederland", "088-1337310 / 06-10111511", "https://www.credion.nl/zuidhollandseeilanden", "zhe@credion.nl"
"Credion Zuid-Hollandse Eilanden", "Amer", "11", , "3232 HA", "Brielle", "Nederland", "088-1337310 / 06-10111511", "https://www.credion.nl/zuidhollandseeilanden", "zhe@credion.nl"
"Credion Zuid-Hollandse Eilanden", "De Hofjes", "18", , "3241 ML", "Middelharnis", "Nederland", "088-1337310 / 06-10111511", "https://www.credion.nl/zuidhollandseeilanden", "zhe@credion.nl"
"Leon Westmaas Advies,  de Financieringsregisseur", "Appelvink", "5", , "4872 MT", "Etten-Leur", "Nederland", "0613384886", "http://www.definancieringsregisseur.nl", "leon@definancieringsregisseur.nl"
"Ventus Advies", "Postbus", "40", , "8080 AA", "Elburg", "Nederland", "085 047 94 27", "http://www.ventusadvies.nl", "info@ventusadvies.nl"
"Auxilium Adviesgroep B.V.", "Philipsstraat", "3", , "3833 LC", "Leusden", "Nederland", "033 433 72 17", "https://auxiliumadviesgroep.nl/dienst/financieren/", "i.galama@auxiliumadviesgroep.nl"
"Credion Almelo", "Stationsstraat", "11", , "7607GX", "Almelo", "Nederland", "0546 24 11 25", "http://www.credion.nl/almelo", "almelo@credion.nl"
"Credion Regio Zwolle", "Emmawijk", "1", , "8011 CM", "Zwolle", "Nederland", "06-26436026", "https://www.credion.nl/regiozwolle", "regiozwolle@credion.nl"
"Nederlands Financieel Centrum voor Ondernemers B.V.", "Zandzuigerstraat", "14", , "1333 HD", "Almere", "Nederland", "036-5462523", "http://www.nfco.nl", "wilco@nfco.nl"
"Eijgen Finance Leeuwarden", "Harlingersingel", "23", , "8913 CJ", "Leeuwarden", "Nederland", "088-5150222", "http://www.eijgenfinance.nl", "johan@eijgenfinance.nl"
"Eijgen Finance Nijmegen", "Waterwolf", "20", , "6681 TJ", "Bemmel", "Nederland", "0622002328", "https://www.eijgenfinance.nl/vestigingen/", "bert.hof@eijgenfinance.nl"
"Dijk van Bedrijfsadvies h.o.d.n. Eijgen Finance Gelderse Vallei", "Kastanjelaan Oost", "37", , "6741DT", "Lunteren", "Nederland", "0619412950", "https://www.eijgenfinance.nl/vestigingen/eijgen-finance-geldersevallei/", "tonny.vandijk@eijgenfinance.nl"
"Zaqelijk Maashorst", "Cereslaan", "4", , "5384 VT", "Heesch", "Nederland", "06 29 13 70 64", "http://www.zaqelijk.nl", "paul@zaqelijk.nl"
"Zaqelijk Maashorst", "Plein 1969", "1", , "5473 CA", "Heeswijk Dinther", "Nederland", "06 29 13 70 64", "http://www.zaqelijk.nl", "paul@zaqelijk.nl"
"FP Finance h.o.d.n. BedrijfsfinancieringRegelen.nl", "Meidoornkade", "22", , "3992AE", "Houten (Utrecht)", "Nederland", "030-2271624", "https://www.bedrijfsfinancieringregelen.nl/", "info@FPfinance.nl"
"Eijgen Finance Twente", "Laagsestraat", "72", "A", "7637 PC", "Oud Ootmarsum", "Nederland", "0646799934", "https://www.eijgenfinance.nl/vestigingen/eijgen-finance-twente/", "twente@eijgenfinance.nl"
"Bol Corporate Finance B.V.", "Spoorstraat", "73", , "5831CK", "Boxmeer", "Nederland", "088-1211300", "https://www.boladviseurs.nl/", "r.stubbe@boladviseurs.nl"
"HSG Finance BV", "Gerard Terborchstraat", "23", , "8932 MB", "Leeuwarden", "Nederland", "06-83922761", "http://www.hsgfinance.nl", "info@hsgfinance.nl"
"Financieringsgilde Tilburg", "Burgemeester Broxlaan", "12", , "5041SB", "Tilburg", "Nederland", "06-28733170", "http://www.financieringsgilde.nl/tilburg", "tilburg@financieringsgilde.nl"
"Bankkraft", "Laaghalerveen", "16", "a", "9414 VH", "Hooghalen", "Nederland", "06-19226779", "http://www.bankkraft.nl", "roy@bankkraft.nl"
"Distinction Bedrijfsfinancieringen Bedrijfskundig Advies", "Mozartstraat", "1", , "7131 AG", "Lichtenvoorde", "Nederland", "0315-220000", "https://www.distinction.nl/", "info@distinction.nl"
"Blink Financieel Advies B.V. / Credion Leiden", "Rijnsburgerweg", "159", , "2334 BP", "Leiden", "Nederland", "071-3016016", "http://www.credion.nl/leiden", "leiden@credion.nl"
"Eijgen Finance Achterhoek", "Garstenveld", "43", , "7141 NE", "Groenlo", "Nederland", "06-34138432", "http://www.eijgenfinance.nl", "guido.reusen@eijgenfinance.nl"
"Financieringsgilde ZuidWest Nederland BV", "Valeriuslaan", "49", , "4707BS", "Roosendaal", "Nederland", "06-28733170", "http://www.financieringsgilde.nl/roosendaal", "jgosenson@financieringsgilde.nl"
"Equiton", "Scheldestraat", "61", , "4812 XH", "Breda", "Nederland", "0654262741", "http://www.equiton.nl", "info@equiton.nl"
"MKB Advies Partners B.V.", "Van Heuven Goedhartlaan", "13", "D", "1181 LE", "Amstelveen", "Nederland", "085.0604700", "https://www.mkbap.nl/", "ondernemen@mkbap.nl"
"Credion Zuidoost Brabant", "p.a. Akkerstraat", "4", , "5528 CH", "Hoogeloon", "Nederland", "0859020218", "https://www.credion.eu/nl/zuidoost-brabant", "zuidoostbrabant@credion.nl"
"Credion Noord Nederland", "Bornholmstraat", "90", , "9723 AZ", "Groningen", "Nederland", "0882733466", "http://www.credion.nl", "noordnederland@credion.nl"
"Credion Noord Nederland", "De Bres", "2", , "9363 TM", "Marum", "Nederland", "0882733466", "http://www.credion.nl", "noordnederland@credion.nl"
"MB Adviesgroep", "Schoolstraat", "9", , "1462JC", "Middenbeemster", "Nederland", "0299405755", "https://www.mbadviesgroep.nl/", "secretariaat@mbadviesgroep.nl"
"MB Adviesgroep", "Robbenoordweg", "32", , "1771MD", "Wieringerwerf", "Nederland", "0299405755", "https://www.mbadviesgroep.nl/", "secretariaat@mbadviesgroep.nl"
"Eelman MKB Advies", "Tetterode", "18", , "2151RD", "Nieuw-Vennep", "Nederland", "0680093938", "https://www.eelmanmkbadvies.nl/", "info@eelmanmkbadvies.nl"
"Credion", "Rumpenerstraat", "4", "A", "6443CD", "Bruinssum", "Nederland", "0854891010", "http://www.credion.nl", "fgroot@credion.nl"
"Credion", "Boschstraat", "21", , "6211AS", "Maastricht", "Nederland", "0854891010", "http://www.credion.nl", "fgroot@credion.nl"
"Credion Haarlem", "Kennemerlaan", "1", , "1972 EG", "IJmuiden", "Nederland", "0232084004", "https://www.credion.eu/nl/haarlem", "haarlem@credion.nl"
"Credion Agrarisch Team Noord", "Kanaaldijk W.Z.", "4", , "9695VA", "BELLINGWOLDE", "Nederland", "0623963310", "https://www.credion.eu/nl/agrarisch-team-noord", "hjkieft@credion.nl"
"Vrijzathe Financiële Dienstverlening", "Antilopestraat", "21", , "1338KP", "Almere", "Nederland", "0646047766", "http://www.vrijzathe.nl", "g.engel@vrijzathe.nl"
"Eijgen Finance Amsterdam B.V.", "Sierenborch", "6", "c", "1043BA", "Amsterdam", "Nederland", "06-12748194", "https://www.eijgenfinance.nl/vestigingen/eijgen-finance-amsterdam/", "Edward.vanderschaft@eijgenfinance.nl"
"FinancialQuest ECH B.V. / Expertisecentrum Horeca", "Baarslaan", "53", , "2215XK", "Voorhout", "Nederland", "0614781885", "http://www.financialquest.nl", "info@financialquest.nl"
"ASN Bank Waalwijk", "Stationsstraat", "53", , , "Waalwijk", "Nederland", "0623124426", "http://www.ASNBank.nl", "remco.vandenakker@asnbank.nl"
"ZAQELIJK Lek- & Merwestreek", "Moerbei", "16", , "3371NZ", "Hardinxveld Giessendam", "Nederland", "0880049800", "http://www.zaqelijk.nl", "info@zaqelijk.nl"
"ZAQELIJK Drechtsteden", "Kringloopweg", "16", , "3343LR", "Zwijdrecht", "Nederland", "0880049800", "http://www.zaqelijk.nl", "info@zaqelijk.nl"
"Optifin-advies B.V.", "Maseratilaan", "10", , "3261 NA", "Oud-Beijerland", "Nederland", "088-1337310", "http://www.optifin-advies.nl", "contact@optifin-advies.nl"
"Optifin-advies B.V.", "Amer", "11", , "3232 HA", "Brielle", "Nederland", "088-1337310", "http://www.optifin-advies.nl", "contact@optifin-advies.nl"
"Optifin-advies B.V.", "De Hofjes", "18", , "3241 ML", "Middelharnis", "Nederland", "088-1337310", "http://www.optifin-advies.nl", "contact@optifin-advies.nl"
"Optifin-advies B.V.", "Jan Valsterenweg", "103", , "3315 LG", "Dordrecht", "Nederland", "088-1337310", "http://www.optifin-advies.nl", "contact@optifin-advies.nl"
"Optifin-advies B.V.", "Transportweg", "1", "A", "2964 LP", "Groot-Ammers", "Nederland", "088-1337310", "http://www.optifin-advies.nl", "contact@optifin-advies.nl"
"Moore MKW Corporate Finance", "Dokter van Deenweg", "120", , "8025 BN", "Zwolle", "Nederland", "0611497028", "https://moore-mkw.nl/", "alrik.baltus@moore-mkw.nl"
"Koers & Kapitaal", "Tadamastraat", "11", , "2225HR", "Katwijk", "Nederland", "06-30482521", "http://www.koersenkapitaal.nl", "peter@koersenkapitaal.nl"